,URL,TITRE,IDinDB,TYPE,RESUME,ARTICLE,DATE
0,https://www.millenaire3.com/ressources/2023/veille-m3-du-concept-de-fraternite-devra-t-on-depasser-l-analogie-entre-famille-et-societe,Veille M3 / Du concept de « fraternité » : devra-t-on dépasser l’analogie entre famille et société ?,NA,Article,"« Liberté, Égalité… Fraternité ».
Ce troisième pilier de la devise de la République française est-il encore d’actualité ?
Dans la société actuelle, l’analogie entre nation et famille a-t-elle encore du sens ?
La famille, dans sa dimension symbolique de modèle traditionnel, unique et patriarcal, porteur de valeurs prétendument immuables, semble avoir pris un sérieux coup de vieux depuis les récentes évolutions sociétales, telles que le mariage pour tous (et toutes) et la reconnaissance de l’homoparentalité.
Qu’en est-il alors, dans ce contexte, de l’avenir du sentiment généreux, bienveillant et solidaire sensé donner du liant aux objectifs de liberté et d’égalité, moteurs de notre idée du « vivre-ensemble » ?
Et que nous en dit son histoire ?
Plus fondamentalement, alors que nous sommes sur la voie de changements majeurs, qui influenceront autant nos modes de vies que nos imaginaires, comment nommer demain ce qui devra continuer de nous unir ?","Akhi, Khouya, reuf, bro, frandjos, khey, frère… L’apostrophe fraternelle est omniprésente dans le langage courant des plus jeunes. Accordée au masculin, elle tranche avec la récente percée de la sororité comme solidarité politique entre les femmes promue par le mouvement féministe, notamment dans un article de bell hooks. D’un point de vue culturel donc, la fraternité, qui conclut la devise nationale et s’inscrit donc au rang des idéaux et objectifs que s’est donné le peuple français, est contestée, son obsolescence étant programmée par le rééquilibrage symbolique visant à dépasser le fait que systématiquement, « le masculin l’emporte ». Au niveau institutionnel en revanche la revendication croissante à dépasser la « paternité présidentielle de la Ve République » pour une gestion plus collective de la vie publique marque l’actualité de la question de la fraternité. Aurait-on alors « Le droit de choisir ses frères ? » ? C’est la question que pose Alexandre de Vitry à travers une érudite histoire de la fraternité parue en février dernier chez Gallimard. Une vision que l’encyclique Fratelli Tutti (Nous sommes tous frères), publiée en octobre 2020 par le pape François, contredit, réouvrant un débat millénaire entre une acception universaliste et une acception affinitaire de la fraternité.Contre un concept de fraternité disqualifié politiquement du fait de son ambivalence historique, et l’impensé que sa disqualification révèle, des lignes émergent pour une redéfinition du principe d’union ou de cohésion sociale. Quel est alors le rôle de la fraternité dans notre devise ? Quelles lignes la traversent aujourd’hui ? Cet article, comme une exploration du concept de fraternité, s’attachera donc plutôt à en décrypter l’actualité politique, en dépit de l’intérêt de l’analyse beaucoup plus littéraire qu’en fait Alexandre de Vitry dans la seconde moitié de son ouvrage.    Un concept indéterminé Dans son Vocabulaire des institutions indo-européenne parut en 1969, le linguiste Émile Benveniste révèle qu’à rebours de toute intuition, la fraternité existe avant tout dans son sens dérivé, ou métaphorique, avant de désigner un lien de consanguinité. Ainsi la fraternité descend de l’indo-européen brāter qui, malgré sa ressemblance avec brother (anglais), ou bruder (allemand), désigne « une parenté mystique » réunissant tous ceux qui se considèrent comme « descendants d’un même père ». Il faut ainsi attendre le grec adelphos (littéralement « né de la même matrice »), qui lui renvoie au lien consanguin pour que l’idée de fraternité soit associée à une relation familiale.Plus proche de nous, les influences grecques et latines ne permettent pas d’en fixer le sens. En effet, le grec distinguait linguistiquement les deux acceptions : universaliste (la philadelphie, qui désigne le sentiment vertueux qui unit des frères), ou affinitaire (l’adelphote, qui désigne, une fratrie) de la fraternité. Le latin n’a lui que la fraternitas, qui ne tranche pas dans la polysémie du terme.Si l’Ancien Testament fait un usage métonymique de la fraternité, à la fois figurée par une commune élection divine et propre au sens d’une communauté de sang, celle-ci est marquée du sceau du fratricide de Caïn sur Abel. Un meurtre qui marquera durablement la fraternité, et lui offrira le fratricide comme pendant. On retrouve ce schème dans bien d’autres traditions culturelles : Osiris et Seth dans la mythologie égyptienne, ou Romulus et Rémus à Rome.     C’est avec le christianisme que le terme s’impose réellement, produisant une rupture quantitative puisque la fraternité « dans le Christ » tend à dépasser le périmètre familial stricte. Avec le christianisme, la fraternité semble se fixer en un sens universaliste, à tel point que Benveniste détecte l’introduction dans les langues romanes ibériques des termes hermano ou irmãno, dérivés du latin germanus et portant ainsi la dimension familiale de la fraternité. Elle prend aussi un sens humanitaire avec l’introduction notamment dans l’Évangile de Matthieu de l’idée d’une fraternité avec « les plus petits ». Un concept politiquement mort ? Originellement polysémique, la fraternité s’élargit encore dans la France des XVIe et XVIIe siècles, à travers des ambitions de fraternisation religieuse entre catholiques et protestants (Édit de Nantes), ou de manière plus philosophique. La Boétie écrit, dans De la servitude volontaire, que « la nature, « […], nous a tous créés et coulés en quelque sorte dans le même moule, pour nous montrer que nous sommes tous égaux, ou plutôt frères ».Alexandre de Vitry souligne dans la France prérévolutionnaire une extension du lexique fraternitaire, de la franc-maçonnerie aux différentes confréries, ou fraternités de métiers. On note d’ailleurs chez les francs-maçons la volonté d’articuler à la fois une fraternité restreinte (par l’initiation) et une fraternité universelle (par l’objectif affiché d’émancipation).Mais c’est bien avec la Révolution française que l’acception de la fraternité change : elle ne fait plus référence à une ascendance divine commune, mais bien à une mère-patrie (la patrie descendant du pater). La suppression de la figure paternelle du roi renforce ce besoin d’une fraternité nationale, horizontale et sans aînesse, républicaine. Ainsi la formule de Roland, ministre de l’Intérieur accueillant la Convention : « Vous allez, Messieurs, proclamer la République, proclamez donc la fraternité, ce n’est qu’une même chose ». Ainsi encore Robespierre lors de la séance du 28 juin 1793 : « Tous les citoyens éclairés savent que le seul moyen de maintenir la République est de maintenir l’unité, le lien d’union et de fraternité des citoyens de cette grande cité ».Cette fraternité s’incarne aussi dans l’union entre l’armée et les citoyens, défendue par Robespierre. La crainte d’alors, c’est la trahison du peuple par la Garde nationale et la constitution d’une force hétéronome à la nation. Elle se réalisera lors de la fusillade du Champ de Mars. Au nom de la fraternité, on invite donc à refuser toute professionnalisation militaire. Un thème qu’on retrouvera un siècle plus tard chez Jaurès dans son « Armée Nouvelle ». Encore un siècle après Jaurès, cette question de l’autonomisation de la force armée fait encore débat, notamment à travers les multiples invitations à repenser le rôle de la police et sa place dans nos sociétés, à s’en passer, ou l’abolir. C’est d’ailleurs exactement en ce sens qu’il faut comprendre l’invective courante en manifestation, assimilant la police à des « bâtards » : ACAB pour All cops are Bastards, tous les policiers sont des « bâtards ». Bâtard comme l’enfant illégitime qui froisse la fraternité en trahissant ses semblables.     Si la fusion des trois ordres (noblesse, clergé et tiers état) dans un ensemble uni, celui de « peuple » est l’une des sources de cette fraternité, la distinction entre citoyens actifs et passifs, qui court jusqu’en août 1792, montre bien que le discours fraternel n’opère pas entre les riches et les pauvres, démontrant par là même l’utilité du concept d’égalité qui le précède dans notre devise. Mais cette distinction du peuple selon la richesse entaillera durablement la « fraternité » dans les siècles suivants : de la politisation des classes sociales à l’affirmation ultérieure encore d’une unité entre les 99%.C’est en 1793, avec le projet de Constitution de Robespierre, que la fraternité trouve son paroxysme révolutionnaire. L’apogée du discours fraternel correspondra également au XIXe siècle à sa disqualification la plus spectaculaire. Alexandre de Vitry écrit ainsi : « C’est en 1848 que la fraternité a enfin obtenu le droit de cité central auquel elle aspirait, faisant converger christianisme et républicanisme, intégrant la devise de la République française, incarnant les revendications sociales issues du socialisme naissant et du mouvement ouvrier. Mais c’est aussi en 1848, par la violence de Juin, que la fraternité a définitivement perdu une partie qu’elle n’a jamais regagnée ». Des Journées de Juin qui marquent la fin du rêve fraternitaire, et de l’illusion d’une République dépassant les classes sociales.  Ce qui nous lie La fraternité semble donc représenter le serment ou l’idéal que se donne le peuple au moment sacré du « contrat social », ce moment où le peuple s’auto-constitue. Judith Butler écrit ainsi « ceux qui sont ce “nous” font autre chose que se représenter eux-mêmes : ils se constituent en peuple ». À travers la fraternité, c’est bien le paralogisme de l’instant constituant qui semble se maintenir. Dès lors, il serait bien illusoire d’envisager la fraternité comme totalisation politique sans son pendant fratricide : par principe, le peuple est politique et, par là, son processus de reconnaissance ne peut se faire sans tracer la frontière avec ce qui n’est pas lui. Par extension aussi, dès lors l’instant constituant passé, se réveillent les passions secondaires, s’ouvre le temps des ruptures et des règlements de compte. Quelle communauté penser alors sans la fraternité ? Ou quelle fraternité pour quelle communauté ?     Actuelle, la question de la fraternité, critiquée pour son caractère genré par le Haut Conseil à l’Égalité entre les femmes et les hommes en 2018, reconnue comme « principe à valeur constitutionnelle » à partir duquel se trouve garantie la liberté d’aider autrui dans un but humanitaire, par le Conseil constitutionnel la même année, n’est cependant pas exempte d’un travail de réactualisation. Et ce dans toutes les catégories de la pensée, dans tous les champs de production culturelle : de la solidarité promue par le sociologue Paugam, au cinéma de Cédric Klapisch, de l’hommage d’Orsenna à Beethoven, à la correspondance de George Sand avec Emmanuel Arago. Ainsi l’encyclique Fratelli Tutti, signée en 2020 par le pape François promeut-elle l’« amitié sociale » comme quasi synonyme de fraternité, comme l’explique le prêtre dominicain et sociologue Jacques-Benoît Rauscher. Amitié qu’on retrouve comme horizon et adresse fraternelle dans l’eschatologie de gauche : du Chant des partisans au pamphlet des post-situationnistes du Comité Invisible, paru en 2004 : À nos amis. Toujours à gauche, la référence à la chambrée commune contenue dans le terme « camarade », réactive cette idée d’un groupe restreint, mais finalement à portée universelle, comme le terme de compagnon. La pensée écologique mue d’ailleurs elle aussi en visant, selon les termes de Gabrielle Halpern, une hybridation, soit étymologiquement un mélange de sang, avec le vivant.     L’autre, mon égal·e Dans tous les cas, il s'agit bien d’une forme de fidélité à une communauté. La fidélité comme manière d’assurer la continuité, l’être de l'événement qu’a représenté le pacte social initial entre les membres de la communauté en question, selon Alain Badiou. Car derrière la communauté pointe, sinon la Commune, du moins un commun dont le travail de conceptualisation bat son plein depuis Elinor Oström, jusqu’aux travaux récents d’Alexandre Monnin sur les communs négatifs. Autant de pistes à travailler pour relire cette notion de fraternité si ambigüe, et paradoxalement polémique. Cette notion de commun, c’est aussi celle qu’a retenue François Jullien dans son travail sur l’altérité. « Je ne dirai même pas que le commun s’obtient par dépassement des différences ; mais plutôt qu’il ne se promeut qu’à partir et à travers des écarts, ces écarts générant de l’entre où s’effective le commun. »Ces écarts, Houria Bouteldja les fait jouer. De son premier ouvrage Les Blancs, les Juifs et nous : vers une politique de l’amour révolutionnaire qui présentait un nous exclusif, celui des « Indigènes de la République », des Barbares selon Louisa Yousfi, à son Beaufs et barbares, le pari du nous parut en début d’année, qui vise lui un nous inclusif, celui d’un peuple partageant une position commune : son opposition au capitalisme et à l’impérialisme. Son refus d’une fraternité paternaliste. Un « nous » qui ne serait pas un « je » au pluriel, mais un « je » agrégé à des « non-je ». D’autres radicaux qui refusent d’être les Misérables de notre temps et brandissent la dignité comme étendard.     Si le plus petit dénominateur commun de nos existences vivantes, humaines ou non, pourrait être notre condition de terrestres menacés, alors sans chercher à remonter à un Dernier Ancêtre Commun Universel, on peut s’accorder sur la nécessité de sauvegarder le possible comme capacité d’évolution, ou d’adaptation. Le possible, soit ce que Tristan Garcia découvre sous le commun distinct qu’il identifie pour dépasser l’universel. Le possible autre donc, car l’altérité se construit. C’est sans doute à ce prix que l’on pourra sauver la fraternité, dans sa capacité à maintenir ouverte la possibilité du devenir, et par là l’hypothèse de l’orthogonalité. Soit, pour reprendre le vocabulaire de Badiou, non plus une fidélité à l’institution née de l'événement, le « Grand Frère » orwellien, mais à l’esprit, à l’énergie de ce dernier. Un appel à se reconnaître divisé, mais à se donner les capacités d’arbitrer pacifiquement les différends. C’est ce que clame Plotin dans ses Ennéades, « Supprime l’altérité, ce sera l’indistinct et le silence ». Le droit de choisir ses frères ? Une histoire de la fraternité - Alexandre de Vitry - Collection Bibliothèque des Idées, Gallimard (2023)  ",11/05/2023
1,https://www.millenaire3.com/ressources/2023/jeunesse-culture-numerique-les-six-grands-constats-qui-concernent-deja-la-generation-z,"Jeunesse, culture & numérique : les six grands constats qui concernent déjà la génération Z",NA,Article,"De l’adolescence à l’entrée dans la vie active, les jeunes construisent leur personnalité, affirment leurs engagements, leurs affinités, s’appropriant l’héritage familial ou au contraire s’en démarquant.
Ce processus d’individuation, commun à chaque époque, s’appuie sur la rencontre avec les ressources culturelles que leur environnement (famille, amis, établissements scolaires, équipements culturels, associations, etc.) rend ou non accessible.
Depuis la montée en puissance dans nos quotidiens des technologies numériques de l’information et de la communication, un certain nombre de bascules ont eu lieu en matière de « consommation de contenus culturels ». Par ailleurs, les périodes de confinement dues à la pandémie de Covid-19 ont accéléré les phénomènes de dématérialisation des pratiques culturelles. 
La période actuelle constitue donc une forme de charnière, qui interroge notamment les modalités de création et de diffusion des arts vivants. Pour parvenir à continuer d’adapter leurs offres aux attentes et besoins des jeunes publics, quels que soient leurs milieux d’origine, les acteurs du secteur culturel, publics comme privés, doivent en saisir les enjeux et acter un certain nombre d’évolutions.
Synthétisant les enseignements d’une démarche au long cours mené par la Métropole de Lyon en 2022, associant les services de la culture et de la prospective, l’état des lieux présenté ci-dessous vise ainsi à servir de socle à ces réflexions essentielles.","En collaboration avec la direction de la Culture, de la vie associative, de l’éducation culturelle et du lien sociale, la Prospective de la Métropole de Lyon a porté de 2022 à 2023 une démarche visant à explorer le rapport des jeunes publics à la culture, et en particulier aux arts vivants, dans un contexte de transformation digitale des pratiques et des offres culturelles et artistiques. À partir des informations collectées à chaque étape de cette étude (veille informationnelle, focus groupes, échanges avec les professionnels locaux du secteur), six principaux constats attirent particulièrement l’attention. Les cinq premiers pointent des représentations, pratiques et préférences culturelles des jeunes qui interpellent le monde de la culture sous toutes ses dimensions : les outils et supports de médiation, les contenus proposés, la communication, voire la programmation culturelle en elle-même. Ces faits saillants visent à aider à cerner les jeunes d’aujourd’hui dans leur rapport à la culture, malgré leur grande diversité, et indiquent, en creux, des voies possibles pour faire évoluer les offres culturelles et les formes de médiations culturelles existantes. Le sixième constat revient sur des tendances d’évolution des offres et formats de médiation culturels, et témoigne de la capacité d’innovation et d’adaptation dont font preuve les acteurs culturels pour s’adresser aux jeunes publics.    Extrait du film Le péril jeune, de Cédric Klapisch : quand les adultes cherchent à comprendre « le jeune » Une hiérarchie symbolique : pop culture jeune vs. Culture validée par le monde adulte Ce constat relève des représentations du monde de la culture dont les jeunes ont fait part. Ces représentations donnent à voir un champ culturel large et ouvert, mais qui apparaît aussi à leurs yeux comme segmenté et hiérarchisé. Les jeunes rencontrés partagent en effet une représentation extensive et ouverte de la culture : celle-ci regroupe différentes disciplines (musique, peinture, littérature, jeu vidéo, danse, etc.) et s’étend aux loisirs (balades en ville, voyage, cuisine, etc.), ainsi qu’aux savoirs et à leur transmission (Histoire, patrimoine, culture générale, etc.). La culture évoquée spontanément par les jeunes est la Culture : les grandes institutions culturelles (l’opéra, les grands musées, etc.) et les lieux patrimoniaux incontournables (Fourvière, l’Hôtel-Dieu, les traboules, le parc de la Tête d’or, la Fête des Lumières, etc.). Si le champ culturel évoqué spontanément est large, on s’aperçoit aussi que cet inventaire renvoie à une image assez officielle et impersonnelle de la culture. Or, ceci dénote largement avec les pratiques culturelles personnelles des jeunes. Celles-ci ne sont pas spontanément associées à la Culture : la musique en streaming, les jeux vidéo, les nouveaux médias et réseaux sociaux comme TikTok, etc. Ce décalage dans les représentations renvoie au gap générationnel dans les pratiques culturelles parmi lesquelles certaines sont plus légitimes que d’autres. Ils et elles semblent avoir intériorisé le fait que la majorité de leurs pratiques culturelles quotidiennes ne font pas pleinement partie du champ de la culture légitime, valorisée et validée par le monde adulte. De la même façon, les pratiques artistiques amateures sont très peu évoquées spontanément par les jeunes et semblent sous-considérées. Conscient de ce gap générationnel, certains jeunes, à l’adolescence en particulier, vont jusqu’à se censurer sur certaines pratiques si elles sont associées au monde adulte (littérature, théâtre, etc.), de peur de passer pour des « ringards » auprès de leurs pairs.  On n’a pas l’impression que les villes s’intéressent à ce qui nous plaît et ce qu’on aimerait y trouver. Les lieux culturels restent sur des choses classiques, anciennes, pour essayer de regrouper tout le monde. Ils ne se posent pas la question de ce qui peut plaire aux jeunes et réellement les intéresser. Il y a un décalage entre la culture qu’on peut voir sur certains médias et ce qu’il y a dans nos villes. (Étudiant·e·s) À l’adolescence, la coexistence d’une culture « subie » et d’une culture « choisie »  Ce deuxième constat est fortement lié au précédent, il relève non pas des représentations mais des pratiques culturelles des jeunes en tant que telles. À l’adolescence, le temps libre et les pratiques restent encore largement encadrés, peu autonomes, en particulier les sorties à l’extérieur du domicile et hors du cadre scolaire. Une part importante des pratiques culturelles des jeunes (certaines lectures, des sorties au cinéma ou au théâtre, des visites patrimoniales, etc.) sont prescrites et organisées par l’école ou la famille. Celles-ci sont alors largement perçues comme subies et potentiellement peu attractives, voire « ringardes ». Elles coexistent toutefois avec des pratiques culturelles qui sont quant à elles choisies (écouter de la musique, visionner des vidéos sur YouTube, Twitch, TikTok, lire des bandes dessinées, des mangas ou des romans choisis pour soi, etc.). Celles-ci sont plus personnelles, intimes, ou partagées avec des ami·e·s. La dichotomie entre pratiques « subies » et pratiques « choisies » doit toutefois être nuancée. La culture « choisie » par les jeunes adolescents est en réalité fortement orientée par les pairs ; les effets de groupe et la pression sociale à l’adolescence peuvent s’avérer enfermant. Par ailleurs, plusieurs jeunes majeurs rencontrés estiment que les sorties culturelles prescrites leur ont largement permis une ouverture culturelle précieuse (dont on prend conscience seulement en grandissant), mais aussi tout simplement de partager un bon moment avec ses camarades de classe dans le cadre scolaire.  La culture c’est ce qui ne relève pas du travail, de l’école ou de la famille, c’est mon espace à moi. (Étudiant·e·s) Ce qu’on nous emmène voir avec le collège, c’est des mauvais choix car c‘est des choix de vieux. On n’a pas le choix d’y aller et c’est en lien avec les cours. (Adolescent·e·s)    Archive Ina : les jeunes et leurs temps libres en 1966 De nouveaux espaces-temps pour les pratiques culturelles : « culture de la chambre », spontanéité, scrolling, etc. Un ensemble de pratiques et de préférences en matière de contenus culturels, pour beaucoup permises par le numérique et parfois très caractéristiques de la jeunesse, ont été mises au jour dans l’étude. Elles dessinent d’une part de nouveaux rapports aux temps dédiés à la culture, et pointent d’autre part des espaces privilégiés pour accueillir les pratiques culturelles des jeunes.Les jeunes rencontrés témoignent d’un attrait pour les formats courts, voire très courts, et à la carte, que ce soit en matière de musique ou de vidéo. Ils privilégient la logique de playlists qu’ils composent eux-mêmes plutôt que l’écoute d’un album de musique en entier. S’agissant des vidéos, ils sont nombreux à passer du temps à regarder défiler les réels et stories sur les réseaux sociaux (vidéos de quelques secondes), ou à privilégier des vidéos YouTube de quelques minutes. C’est seulement quand ils ont davantage de temps qu’ils décident de dédier un moment conséquent et continu à regarder un épisode de leur série ou un film. Une forme de classification s’établit ainsi entre les vidéos selon leur format et le type d’expérience que celles-ci procurent. Ces formats demandent des temps d’attention courts dessinant des « micro pratiques » culturelles, qui durent quelques minutes voire sont discontinues. Celles-ci s’intercalent dans les moments de pause, d’interstice, dans la journée, et sont rendues possibles et même largement favorisées par le « scrolling » sur le smartphone (une pratique qui s’inscrit pleinement dans « l’économie de l’attention » propre aux réseaux sociaux). Ces pratiques semblent attractives aux yeux des jeunes précisément parce qu’elles permettent un accès maîtrisé et à la carte à des contenus, sans avoir à dédier un temps long et unique à une activité et un type de contenu. Les jeunes sont aussi attirés par le caractère spontané de certaines pratiques et activités culturelles, et ont une aversion à prévoir et programmer une sortie culturelle. Ces pratiques culturelles spontanées sont largement favorisées par le numérique (recommandations et découvertes proposées par les algorithmes ou partagées par des pairs) mais peuvent aussi avoir lieu « in real life », à l’occasion de balades en ville par exemple, perçues comme des sorties culturelles à part entière (immersion dans l’histoire et le patrimoine local). Par ailleurs, les adolescentes et adolescents partagent une véritable « culture de la chambre » (comme l’a nommée le sociologue Hervé Glevarec), soit un ensemble de pratiques culturelles qui sont réalisées dans l’intimité de la chambre, en se coupant du cocon familial. Que ce soit pour lire un livre, écouter de la musique, regarder une vidéo ou passer du temps sur les réseaux sociaux, ces pratiques, personnelles, choisies, jouent un rôle important dans leur processus d’autonomisation et d’individuation. Avec les smartphones, ces pratiques culturelles se mêlent facilement aux pratiques relationnelles, aux interactions avec les pairs (partage de musiques ou de vidéos, échanges par vidéos interposées sur les réseaux sociaux, etc.). Ce sont des activités réconfortantes et rituelles pour les jeunes : elles sont simples, gratuites et se font dans un cadre confortable et maîtrisé, leur cocon personnel. Cette culture de la chambre a pu être renforcée, au moins de façon temporaire, suite aux expériences de confinement et au « syndrome de la cabane » que certain·e·s ont pu ressentir (l’angoisse de sortir de chez soi). Elle n’est pour autant pas nécessairement synonyme de repli puisque ces pratiques, dans l’intimité, sont aussi l’occasion pour les jeunes d’explorer et de découvrir des contenus culturels nouveaux.Si t’es chez toi et que tu regardes un truc qui t’ennuie, tu peux l’arrêter. Mais un spectacle en vrai, si ça ne te plaît pas, t’es bloqué, tu ne pourras pas sortir, tu auras payé pour rien.  (Adolescent·e·s)    La sortie du 1er Iphone en 2007, dans le journal de 20h de France 2 L’entremêlement des pratiques culturelles numériques et des pratiques « IRL » Le numérique (majoritairement le smartphone) est un support riche et incontournable des pratiques culturelles des jeunes. C’est tout d’abord le support numéro un de découvertes culturelles. En agrégant différentes applications (streaming de musique, de vidéos, réseaux sociaux, etc.) et l’infinité des contenus en ligne, c’est un outil qui permet et favorise le fait de jongler entre plusieurs contenus. C’est en ce sens, et il est d’ailleurs perçu comme tel par les jeunes, un formidable outil en ce qu’il facilite l’accès de tous à la culture, sans restriction d’âge (à l’inverse de certains événements et lieux culturels et festifs), de façon gratuite (ou assez peu onéreuse). C’est même la porte d’entrée privilégiée pour des pratiques culturelles non digitales : recommandation d’un livre, d’un film sorti au cinéma, etc.Des artistes du spectacle vivant se sont largement emparés du numérique et tirent pleinement parti de son potentiel pour créer des formats innovants (concerts sur la plateforme de jeu en ligne Fortnite par exemple) ou renouveler leur rapport au public. Les réseaux sociaux permettent en effet de créer une certaine proximité entre des artistes et leurs publics : ils peuvent interagir en direct, partager leur quotidien, etc. Ceci renvoie à une attente de davantage d’authenticité de la part des jeunes (même si elle reste souvent simulée) et d’horizontalité dans leur rapport aux artistes et à la culture au sens large. En témoigne le succès de contenus de type vlogging et stories, où des artistes et créateurs de contenus (youtubeurs, streameurs, influenceurs) partagent leur quotidien et parfois des sujets très intimes (santé mentale, orientation sexuelle, difficultés financières, etc.).Néanmoins, pour les personnes rencontrées, les pratiques et expériences culturelles qui ont lieu « in real life », en présentiel, dans un lieu spécifique, avec d’autres, conservent tout leur intérêt. Ces jeunes attribuent une valeur bien spécifique et assez forte aux expériences « IRL » d’un spectacle vivant tel qu’un opéra, une pièce de théâtre ou encore un concert. L’expérience en direct d’un spectacle vivant ou d’une œuvre ne serait ainsi pas perçue comme substituable à une expérience digitale.Si les pratiques culturelles numériques et « IRL » des jeunes se croisent et s’entremêlent largement, elles ne sont, pour les jeunes, pas équivalentes. Chacune correspond à une expérience et à un espace-temps spécifique. Une forte vigilance vis-à-vis des pratiques numériques s’exprime enfin chez des jeunes majeurs qui cherchent à « s’échapper des écrans », à se déconnecter. Ils partagent un recul critique assez marqué vis-à-vis du numérique, estiment pesante la place des écrans dans leur quotidien et parfois dans leurs relations sociales, mettant en avant leur dimension addictive, etc. L’expérience n’a quand même rien à voir entre regarder un truc sur le téléphone et voir le truc sur place. Les gens sur leur téléphone regardent mais sans regarder, ils font autre chose en même temps. Si on veut vivre la vraie expérience du théâtre, de l’opéra ou du cirque, il faut aller sur place. (Actif·ve·s)    La chanteuse Aya Nakamura en concert sur Fortnite (jeu vidéo en ligne) Une culture de l’autoproduction et de la communauté Le cinquième constat concerne les pratiques artistiques amateures qui ont toujours une place importante dans le quotidien des jeunes rencontrés, tout en prenant des formes variées. Elles concernent plus de la moitié des jeunes de 15 à 19 ans (Dahan, 2013). Ces pratiques tendent toutefois à être abandonnées par les jeunes quand ils avancent en âge et s’autonomisent, et ce pour différentes raisons. À l’adolescence ils et elles sont en mesure de passer du temps seul·e·s (hors activités scolaires ou périscolaires) et d’imposer leurs choix plus fortement : les activités qui étaient jusqu’alors prescrites par les parents (un cours de musique par exemple) sont parfois abandonnées pour privilégier le temps passé avec les ami.es. À l’âge adulte, le manque de moyens financiers peut aussi les amener à laisser tomber certaines pratiques artistiques.En revanche, on observe l’affirmation d’une culture de l’expérimentation et du « do it yourself », du bricolage, propre à la jeunesse. Alors que l’on est dans la découverte, la recherche et l’affirmation de soi, l’art peut être un moyen d’expression. Le numérique rend possible et stimule le potentiel de création ; les jeunes peuvent très facilement se mettre à l’autoproduction, se mettre en scène, témoigner, partager leur quotidien, sur des formats vidéo sur les réseaux sociaux notamment. Les réseaux sociaux, en particulier TikTok, proposent des outils intuitifs permettant de faire très simplement des montages vidéo ou audio de qualité toujours meilleure.La tentation de la professionnalisation en la matière n’est jamais très loin, les jeunes ayant en tête des success stories d’influenceurs et de youtubeurs qui ont démarré dans leur chambre d’adolescents avec les moyens du bord (Squeezie, Léna Situations, etc.). L’univers du jeu vidéo s’est très fortement professionnalisé ces dernières années et attire des jeunes qui sont parfois à la limite d’une pratique professionnelle en participant à des championnats en ligne et figurant dans des classements internationaux.Cette culture de l’autoproduction repose largement sur des communautés, propres aux différents réseaux sociaux et à des pratiques ou disciplines spécifiques. Parmi celles-ci, la communauté des gamers reste très forte autour de la pratique du jeu vidéo ou du visionnage de parties en streaming sur la plateforme Twitch notamment. Cette communauté fait d’ailleurs preuve d’une capacité d’innovation dans les formats assez remarquable, en faisant se croiser les disciplines dans un même contenu (jeu vidéo, humour, art, militantisme, etc.) mais aussi les générations (via des formats nouveaux de lives sur la plateforme Twitch où des streamers invitent des personnalités publiques souvent plus âgées).Enfin, cet attrait pour l’autoproduction renvoie à l’envie très partagée parmi les jeunes rencontrés de faire par soi-même, d’être partie prenante de contenus culturels en contribuant à les élaborer. Les jeunes ont témoigné d’un fort intérêt pour les événements, contenus et œuvres pour lesquels leur contribution active est sollicitée. Aujourd’hui ça va vite, on peut exposer son art sur les réseaux, le montrer à tout le monde facilement. (Adolescent·e·s)     Exemple de tuto pour améliorer sa chaîne de streaming de jeux vidéo sur Twitch Des acteurs culturels qui innovent pour s’adapter aux jeunes publics Le sixième constat concerne l’apparition d’offres culturelles qui tentent de s’adapter aux pratiques et préférences culturelles des jeunes d’aujourd’hui. Se mettant à l’écoute des signaux faibles, s’inspirant d’initiatives internationales ou concertant directement les jeunes, les acteurs du secteur proposent des offres culturelles et mettent en place des formes de médiations nouvelles ou originales.Certaines initiatives de médiation culturelle ou d’œuvres à destination des jeunes publics ont ainsi été repérées dans le cadre de nos travaux. Celles-ci répondent à différentes aspirations de la jeunesse auxquels les acteurs culturels tentent de s’adapter :S’impliquer dans la programmation et la création de projets culturels : le Réel Festival à Villeurbanne, organisé intégralement par un groupe de 115 jeunes de 12 à 25 ans ;Accéder à des lieux de culture originaux, informels, où on se sent comme chez soi : le Studio 13/16 au Centre Pompidou à Paris, qui invite les adolescents à s’y rendre librement, développer des projets artistiques et faire des activités culturelles, ou encore les médiathèques « troisième-lieu », conçues pour s’y sentir comme chez soi ;Vivre des expériences participatives, immersives, ou encore sensibles : théâtre immersif, jeux de piste urbains comme Urban Quest ou encore l’exposition immersive et ludique Pop Air à Paris ;Partager ses centres d’intérêt culturels et artistiques avec sa communauté : la tendance « BookTok » de partage communautaire de fiches de lecture sur TikTok, au format vidéo ;Accéder facilement, depuis chez soi, à des spectacles vivants : l’Opéra chez soi, initiative de l’Opéra de Paris pendant la crise sanitaire, ou encore des concerts proposés sur le jeu vidéo en ligne Fortnite ;Se cultiver, découvrir et apprendre des choses via de nouveaux médias et réseaux sociaux : l’inscription de grandes institutions culturelles comme le Grand Palais sur des réseaux sociaux tels que TikTok, et la proposition de contenus spécialement adaptés à ce format ;S’engager en tant que citoyen via des médias culturels et artistiques originaux : Z Event, événement caritatif de collecte de fonds réalisé intégralement par des internautes streamers sur la plateforme Twitch ;Rencontrer des artistes, se confronter à la création dans son quotidien : In Situ, résidence d’artistes dans les collèges. Ces initiatives ont été présentées aux jeunes rencontrés lors de l’enquête et ont, globalement, suscité l’enthousiasme des ados et jeunes adultes. Ceux-ci apprécient les initiatives et projets qui leur donnent des moyens d’agir, des espaces d’expression et d’action pour être eux-mêmes acteurs de la vie culturelle et artistique. Ils sont également séduits par les œuvres qui ont un caractère immersif et/ou ludique, lorsque le public peut être impliqué et non pas simple spectateur.Ils sont par ailleurs attirés par les contenus qui croisent les registres pédagogiques, émotionnels et ludiques : pour eux, la culture et le divertissement sont de bons vecteurs de savoirs et d’éducation.Enfin, les formats de médiation qui misent sur l’interactivité et une forme d’authenticité dans la relation au public les attirent particulièrement, puisque ce sont des composantes clés des réseaux sociaux qui font partie intégrante de leur quotidien.    « Les jeunes et la technologie », par Cyprien, youtubeur comptant plus de 14 millions d’abonnés sur sa page  ",05/05/2023
2,https://www.millenaire3.com/ressources/2023/2040-le-programme-culturel-du-territoire,"« 2040, le programme culturel du territoire »",538361,Article,"Comment les pratiques numériques et les cultures « jeunes » peuvent-elles trouver leur place dans le spectacle vivant, et plus globalement dans la culture instituée ? C’est la question que s’est posée la Métropole de Lyon en 2022 et 2023, dans le cadre d’une démarche prospective impliquant des jeunes et des acteurs culturels du territoire.
Cette saison culturelle 2040, exercice de design fiction et livrable final de la démarche, a été imaginée dans le cadre d’ateliers réunissant des acteurs culturels de l’agglomération lyonnaise, ainsi que des jeunes qui s’étaient illustrés quelques mois auparavant dans l’organisation du festival Réel et qui participent aujourd’hui au comité éditorial du média en ligne de la Ville de Villeurbanne « LaPauze ».
Découvrez ce programme culturel pour les 12-28 ans, mais qui s’adresse aussi aux plus petits et aux plus grands, ce programme culturel 2040 qui décoiffe. 
Et pourquoi ne pas lui donner vie… dès demain ?","Ce document, à télécharger ici, est un objet du futur, d’un futur possible pour la vie culturelle dans l’agglomération lyonnaise. Il met en avant 5 offres culturelles emblématiques de la vitalité culturelle et artistique locale à destination des jeunes, comme un abstract de la vie culturelle locale en 2040. Ces offres ont été imaginées par des acteurs culturels et des jeunes réunis lors d’ateliers qui ont eu lieu en février et mars 2023. L’exercice de design fiction qui leur a été proposé consiste à imaginer de nouvelles pratiques culturelles pour demain qui pourraient correspondre aux aspirations des publics jeunes. Une douzaine d’acteurs culturels du territoire se sont portés volontaires pour y participer, ainsi qu’une dizaine de jeunes, de 15 à 26 ans, tous engagés dans des projets participatifs auprès de la Ville de Villeurbanne. 2040 c’est un horizon lointain choisi pour l’exercice de design fiction, mais on pourrait tout à fait voir certaines de ces idées se concrétiser à court terme. Ce travail s’inscrit dans une démarche de réflexion prospective menée par la Métropole de Lyon autour d’un enjeu majeur pour les acteurs culturels, notamment dans le champ des arts vivants : s’adresser à la jeunesse, ou plutôt aux jeunes dans toute leur diversité, et tirer parti de la digitalisation des pratiques culturelles. ",05/05/2023
3,https://www.millenaire3.com/ressources/2023/culture-et-numerique-cinq-scenarios-prospectifs-pour-la-metropole-de-lyon,Culture et numérique : cinq scénarios prospectifs pour la Métropole de Lyon,538307,Article,"Comment les pratiques numériques et les cultures « jeunes » peuvent-elles trouver leur place dans le spectacle vivant et plus globalement dans la culture instituée ? C’est la question que s’est posée la Métropole de Lyon en 2022 et 2023 dans le cadre d’une démarche prospective impliquant des jeunes et des acteurs culturels du territoire.
Nous vous proposons de découvrir cinq scénarios conçus début 2022. Ceux-ci ouvrent une lucarne sur le pouvoir de transformation du numérique et de la robotique, sur les stratégies d’entreprises culturelles et technologiques (entertainment), mais aussi sur les enjeux globaux qui mobilisent nos société et donc le secteur de la culture (climat), les aspirations et pratiques culturelles de notre jeunesse, etc.
Entre culture de masse virtualisée dans le métavers et pratiques artistiques et militantes hyper-locales, les acteurs du spectacle vivant auront à trouver leur chemin pour intéresser une jeunesse en demande d’émotions esthétiques et d’interactivité, mais aussi de contenus réflexifs et parlant à l’intime.","La prospective est un exercice de projection dans le futur. C’est aussi, et surtout, un outil pour mieux comprendre ce qu’il est en train de se passer ici et maintenant.Les scénarios que vous allez découvrir ici ne sont pas des spéculations gratuites ou farfelues. Ils s’appuient sur des signaux faibles et des tendances qui sont à l’œuvre sous nos yeux, auxquels nous ne prêtons pas toujours attention mais qui transforment en profondeur les réalités de notre monde.Rien n’indique que l’avenir ressemblera à tel ou tel de ces scénarios ou à un panachage entre certains d’entre eux. Mais chacun donne à lire, dans une forme familière, les dynamiques technologiques et sociétales qui renouvellent le rapport des publics à la culture.Il s’agit alors d’imaginer les conséquences de ces bouleversements, pour les anticiper… Et si demain le spectacle vivant se déroulait dans le métavers, que deviendraient alors les salles de spectacle ? La puissance disruptive des géants du numérique est telle, que nous comprenons tous, nettement ou confusément, qu’une telle question mérite d’être discutée.Comme le disaient les pères de la prospective (Gaston Berger, Bertrand de Jouvenel, etc.), faire de la prospective c’est se préparer à l’action ! Scénario 1: Et si demain le spectacle vivant se déroulait dans le Metaverse Demain, Netflix est devenu un acteur incontournable dans le monde du spectacle. Sa plateforme dérivée, Netlive, diffuse des spectacles virtuels que l’entreprise produit pour une grande partie d’entre eux. Les spectacles virtuels sont devenus un genre à part entière du secteur culturel. En sortant du travail, les gens se rendaient il y a 20 ans dans une salle de théâtre ou de concert. Ils quittent désormais leur chambre réaménagée en bureau de télétravail pour leur salon, où ils lancent leur service de spectacles à la demande et s’offrent un concert en ligne ou un spectacle de magie numérique. Sur Netlive, on trouve des enregistrements de spectacles, mais on peut surtout assister à des shows en live. Il est possible d’influencer ce qui se passe dans les spectacles par des votes, de discuter avec les autres spectateurs sur le chat, d’amener son avatar tout près d’une scène montée sur une île paradisiaque, ou encore de poursuivre le concert en suivant l’artiste jusque dans sa cuisine, pour une interview exclusive qui mélange les codes entre art et téléréalité. Refuser une invitation à dîner pour cause de concert sur canapé est devenu monnaie courante : « J’peux pas, j’ai Netlive ! » Dans ce scénario, les spectacles cessent d’être automatiquement associés à un lieu pour devenir le terrain de jeu des GAFAM, qui exploitent les données de leurs clients et rivalisent d’inventivité pour créer des spectacles sur-mesure aux dispositifs interactifs toujours plus innovants, accessibles par des offres freemium.   A screen featuring a virtual singer, collage and drawing technique© Dall-E   Interpellations principales : Dans ce scenario, que deviennent les salles et les petits acteurs culturels de la Métropole ? Comment maintenir une certaine diversité dans l’offre culturelle ? Faut-il privilégier les petites compagnies ou les structures subventionnées pour essayer de faire contre-poids ? Les causes La crise sanitaire a bouleversé les habitudes de consommation culturelle : malgré la réouverture, une partie du public reste aux abonnés absents et 37% des consommateurs déclarent préférer consommer des biens culturels en mode numérique;Un vieillissement progressif du public : les plus de 40 ans sont les plus amateurs de spectacle vivant;Avec la pandémie de Covid-19, la tendance de la culture qui s’invite dans nos salons s’est amplifiée, avec diverses initiatives pour dématérialiser la sa diffusion comme sa production. Exemples : le festival du confinement « Je reste à la maison », qui a rassemblé du 1er au 7 avril 2020 95 artistes et groupes musicaux provenant de sphères musicales très différentes, ou les visites virtuelles de musées;Des spectacles 100% virtuels voient le jour : ils ne sont pas de simples captations rediffusées mais des spectacles conçus pour le numérique. Exemples : le spectacle de magie Connexions d’Éric Antoine ou Interconnecté de Luc Langevin et même des concerts virtuels comme le virtuel Rift Tour d’Ariana Grande dans Fortnite, œuvres d’art du MET dans Animal Crossing;2020 : Lepointdevente.com a lancé une plateforme de streaming payante de spectacles virtuels et le 1er février 2021 France Télévision a lancé Culturebox, une chaîne dédiée aux spectacles vivants. « La plus grande scène de France est accessible via les abonnements auprès des opérateurs internet. »;France Relance : quatre dispositifs d’investissements d’avenir de 10 millions d’euros chacun pour accompagner les transitions écologiques et numériques des industries culturelles et créatives. L’un de ces appels à projets vise tout particulièrement le développement de l’« expérience augmentée du spectacle vivant », qui comprend à la fois la dimension d’accès à distance au spectacle et de développement de techniques de réalité virtuelle et réalité augmentée in situ pour le public;L’attrait pour le « retour à la nature », le télétravail, etc., qui peuvent aboutir à l’exode urbaine et changent les aspirations et les modes de vie. Les conséquences Attractivité de nouveaux publics, notamment des publics ruraux, en situation de handicap, etc.;Visibilité décuplée avec des spectacles vus parfois par des millions de personnes;Les salles désertées de leur fonction se transforment en studios de production de spectacles numériques/virtuels, ou revêtent d’autres fonctions, comme des centres d’hébergement d’urgence, des friches pour développer l’agriculture urbaine, etc.;Gadgétisation pour profiter de ces spectacles : lunettes de réalité virtuelle, abonnements à des chaînes de spectacles, livraisons UberEats liées aux événements virtuels, etc.;Une partie du public n’adhère pas à cette nouvelle forme de culture et délaisse les spectacles. Les plus petites structures n’ont pas réussi à prendre ce virage, et l’offre s’est resserrée autour des acteurs culturels qui avaient les moyens de s’équiper et d’opérer cette transition;Des petits acteurs culturels se mobilisent contre cette mort du spectacle vivant et ouvrent des lieux alternatifs;La culture devient encore plus « à la carte », et s’affranchit des contraintes spatiales mais rejoue les inégalités d’accès par le budget;Des monnaies virtuelles voient le jour pour payer ses consommations culturelles et de loisirs dans un monde numérique;Dans la métropole, certaines des anciennes salles de spectacles, délaissées, deviennent des lieux de diffusion de ces spectacles dématérialisés, qui peuvent être couplés avec des offres de restauration locale, des promenades urbaines, etc., pour préserver des expériences collectives entre les habitants;La Métropole essaie aussi de s’associer avec des plateformes pour conserver un rôle dans ce secteur.  Scénario 2 : Et si les robots remplaçaient les artistes ? Demain, les plus grandes entreprises ont toutes des pôles IA et décident d’étendre leur emprise sur le monde de la culture. La production, la diffusion et le financement des arts ne dépendent plus des acteurs publics que dans une proportion très marginale. Orange a un temps d’avance et se lance dans une expérimentation de la robotisation de cette nouvelle culture non subventionnée et privée : les spectacles humains sont beaucoup plus coûteux à produire et les artistes sont moins faciles à maîtriser que des lignes de code. Les artistes locaux cessent progressivement de pouvoir vivre de leur art. Les IA ont petit à petit pris leur place en multipliant les créations, avec une rapidité qui en a fait une source de concurrence trop rude. Les comédiens, musiciens, peintres, etc., qui parvenaient à obtenir le statut d’intermittents du spectacle encore dix ans auparavant se sont retrouvés confrontés à des refus systématiques, toute la programmation des lieux culturels ayant été remplie par les œuvres issues de ces nouvelles technologies. Le public est très curieux de ces innovations culturelles. Les artistes reconnus conservent en revanche leur popularité, qui est même décuplée. Ils s’approprient tout le besoin d’admiration de la créativité et de l’interprétation humaines du public. Les concerts sont de tailles démesurées et les films qui conservent de vrais acteurs sont pour la plupart de très gros blockbusters.    A pencil and watercolor drawing of a humanoid robot orchestra playing strings and chords© Dall-E   Interpellations principales : Que devient l’art dans une logique de rentabilité qui remplace celle de l’accès à la culture pour tous ?Comment se reconfigure notre rapport aux œuvres si la valeur qu’on leur attribue ne se mesure plus dans la transmission et le partage mais dans l’émotion que les algorithmes arrivent à suscite chez le public ? Les causes  Les IA qui sont aujourd’hui capables de créer des œuvres : la créativité n’est plus une prérogative humaine. Exemples : des tableaux générés par un algorithme ont été présentés par le collectif Obvious en 2018 dans des galeries parisiennes, suscitant de fortes réactions;La baisse des subventions / la privatisation de la culture : Une baisse tendancielle des dépenses publiques en matière culturelle est observée depuis 2008. Amorcée par les Départements, cette baisse est amplifiée par l’État en 2012 et 2013 (années où le budget du ministère de la Culture connaît une baisse historique, de l’ordre de 6 %) puis à partir de 2014 par l’ensemble des collectivités territoriales, au prétexte notamment de la répercussion de la baisse des dotations de l’État. Le baromètre du mécénat d’entreprises 2016 réalisé par le CSA pour ADMICAL fait état « pour la première fois depuis six ans d’une remontée significative des chiffres du mécénat ». La moitié des entreprises de plus de 250 salariés sont désormais mécènes (et le quart des PME et de grands groupes créent des institutions privées. Bouygues a construit Bordeau Métropole Arena, Amazon produit des séries sur Prime);L’explosion du nombre d’artistes depuis les années 80 : dans le spectacle, le nombre d’artistes a triplé, voire quadruplé. Mais, la précarité des artistes est aussi en train de flamber : salaire brut mensuel en euros constants : 1 400 € en 1986 contre 766 en 2009 ; durée moyenne d’un contrat : 17 jours en 1986 contre 3 jours en 2009 ; ce constat de crise est aggravé par la pandémie d Covid-19;Selon une étude d’IBM de janvier 2019, trois entreprises américaines, chinoises, européennes sur quatre « explorent ou mettent en œuvre » actuellement l’intelligence artificielle;L’attraction pour tout ce qui est « innovant ». Les conséquences Une standardisation des œuvres produites et diffusées : la demande et l’offre, lissées, tendent à une uniformisation des œuvres;Entre adhésion et rejet du public : le lien entre artiste et public est rompu, la valeur de l’œuvre n’est plus dans la transmission et la partage, mais dans l’émotion que les algorithmes arrivent à susciter chez le public et les connaissances qu’il parviennent à lui apporter. La notion de valeur de l’œuvre change pour certains, quand d’autre recherchent le lien artistique humain.Le numérique (et les algorithmes) amplifient le phénomène de l’entre-soi produit par ses bulles de filtres;Une contre-tendance critique de « citoyennisation de la culture » émerge, avec des citoyens qui soutiennent des projets de créations humaines et la création d’un label d’« art humain »;Le besoin d’expression et de création des humains se reportent sur des pratiques amatrices;L’envie de rencontre et de présentiel se recentre sur l’événementialisation du secteur. Scénario 3 : Et si le public s'enthousiasmait pour les « drama games » ? Demain, les spectateurs ont pris goût à une culture dont ils sont les héros. Le spectacle vivant classique ne fait plus beaucoup d’adeptes. Avec toute l’offre culturelle à disposition depuis son salon, se déplacer implique désormais de vivre une expérience qui implique complètement le public. Si un spectacle ne met pas le spectateur en mouvement, si l’émotion ne s’incarne pas jusque dans le corps du public qui interagit complètement avec l’œuvre, les salles sont quasiment vides. Toute la journée devant des écrans, le public a envie de jouer un rôle actif dans les spectacles qu’il achète.Les acteurs culturels doivent suivre cette mutation, différemment selon leur taille, leurs moyens, leurs envies : beaucoup de structures utilisent le numérique pour créer des œuvres toujours plus innovantes, mais certaines compagnie envoient simplement des SMS pour donner rendez-vous au public dans des lieux surprenants de la ville, imaginent des spectacles qui se déroulent dans des appartements dont il faut découvrir l’adresse par des jeux de piste, organisent des prestations à domicile où les soirées se continuent sur des repas partagés entre artistes et publics… Les médiations muséographiques se transforment, pour que les visiteurs deviennent partie prenante de l’œuvre : ils déclenchent des performances, enfilent des costumes, renseignent des données pour obtenir des parcours individualisés… Le genre de spectacle le plus apprécié devient les drama games, descendants des escape games. Des acteurs professionnels y participent, plongeant le public dans des univers divers et variés dans lesquels ils tiennent le premier rôle.   Spectators are going up on the stage of the dance show , collage and drawing technique© Dall-E   Interpellations principales :  Cette quête d’immersion dans le spectacle vivant implique une évolution des pratiques. Comment en faire une opportunité pour enrichir l’offre de spectacle vivant en préservant, voire en amplifiant, sa dimension humaine ? Comment penser l’aspiration à l’interactivité et à la participation dans ses formes numériques et non numériques ? Les causes La redéfinition du périmètre de la culture : les jeux vidéo sortent de la sphère du divertissement enfantin ou adolescent pour devenir une forme d’art récompensée depuis 2020 par la cérémonie des Pégases les podcasts transforment les codes de la narration et l’attrait pour les escape games qui travaillent de plus en plus leur mise en scène, décors, etc.;Les jeunes publics se détournent de certaines formes de culture dominante traditionnelle : la musique classique, l’opéra, etc.Les expériences immersives et personnalisées se multiplient pour attirer de nouveaux publics. Exemple : Compagnie ACTE, journal d’un seul jour : un spectacle-feuilleton, grandeur nature et en temps réel dans la ville;Les réseaux sociaux qui permettent à tous de découvrir des pratiques artistiques et de les diffuser. Les conséquences Marchandisation du secteur culturel : les coûts de certains de ces nouveaux spectacles sont très élevés car les salles ne peuvent accueillir que de petits groupes et que les mises au point « sur mesure » demande des moyens;Cela peut permettre de revenir aux racines du spectacle vivant : les bruits dans la salle, les discussions entre comédiens et publics…;Les salles doivent s’adapter à ces nouveaux formats;Les acteurs culturels jouent de plus en plus avec l’exploitation des données personnelles du public, pour adapter leur offre aux attentes;La culture touche des publics très divers, car les représentations de la « bonne » culture réservée aux personnes aisées se déconstruisent du fait de la porosité entre nouvelle culture et divertissement;La culture devient « à la carte ». Si les médiations se personnalise, que reste-t-il de la culture commune ?;Hybridation des genres : les musées proposent des spectacles, les spectacles s’hybrident avec des jeux… Porosité entre art et divertissement. Scénario 4 : Et si la culture incarnait des mouvements sociaux et militants ? Demain, face aux multiples crises écologiques et sociales, les habitants ne croient plus en l’État et, dans ce contexte de chaos institutionnel, la rue devient un terrain de lutte politique à ciel ouvert. La culture n’échappe pas à cette re-politisation. Les nouvelles œuvres culturelles majeures ne sont plus dictées par Netflix ou par les collectivités, mais par des militants qui utilisent les arts comme un moyen de lutte contre les inégalités, en tant que meilleure arme dans la « guerre des imaginaires ». Les associations ou les citoyens engagés font alliance avec des acteurs artistiques pour (re)donner à la culture cette portée de revendications sociales et sociétale. Ils utilisent leur art pour rendre désirables les changements nécessaires et s’appuient sur le numérique pour diffuser massivement leurs idées, créer le buzz, interagir avec leurs publics, concevoir des œuvres co-construite avec des millions d’internautes qui deviennent leurs co-militants, etc. Extinction Rébellion se rapproche d’une troupe de théâtre lyonnaise pour mettre en scène un spectacle-manif contre Total. La rue est envahie par les comédiens, et celles et ceux qui auraient constitué leur public 20 ans auparavant deviennent des figurants qui participent à cette œuvre par leurs vêtements et leurs intervention, grâce aux directives reçues via les réseaux sociaux. Dans cette performance, il s’agit avant tout de réaffirmer son autonomie, de construire son identité, de résister aux injonctions et de convaincre grâce à des événements politiques qui font rêver et participer autant que réfléchir.   Protesters holding up paintings, drawing and collage technique© Dall-E   Interpellations principales :  La Métropole assiste à une évolution de la place des artistes qui se donnent pour mission première de faire changer la société. Comment, dans ce contexte, renouveler le rapport des élus avec les artistes sans instrumentaliser l'art ?Quels risques représente cette nouvelle forme de militantisme ?Les institutions culturelles peuvent-elles se faire le miroir d'un futur possible plus sobre et résilient ? Les causes Les nouvelles manières de s’éveiller aux pratiques culturelles, notamment pour les plus jeunes : tutoriels YouTube, TikTok et autres réseaux sociaux;Post, blogs personnels, vidéos amateurs, etc., explosent sur Internet et témoignent de notre désir d’exprimer notre inventivité et notre singularité;La culture du libre comme revendication politique (Copy Party, Display at your own risk, Free Art and Technology Lab);L’émergence de l’amateur qui devient créateur/producteur/diffuseur de contenus culturels (Cyprien par exemple);Des pratiques de théâtre forum, d’intervention d’artistes sur des projets urbains, ou en entreprise (La compagnie Petits pas pour l’Homme, Artistik, Bazaar…);La défiance envers les GAFAM (pannes, fuites de données, image, etc.);Les enjeux de réappropriation de son pouvoir d’agir comme citoyens (développement du pair-à-pair, des projets participatifs, de l’habitat partagé, etc.);L’urgence écologique, les crises (économiques, sanitaires et sociales) qui se multiplient, l’abstention aux élections, etc.;La tendance de l’engagement dans l’art notamment la glamourisation;Nike qui fait une pub campagne contre Trump en officialisant un contrat de longue durée (30 ans) avec le banni du foot US, Colin Kaepernick qui avait dénoncé les violences policières;La mobilisation du local en opposition aux politiques nationales. Exemple : le mouvement des villes sanctuaires aux États-Unis en réaction à la politique migratoire de Donald Trump; Les conséquences La rue comme nouvelle salle de spectacle géante;Des mobilisations fréquentes mais plus identitaires que réellement collectives;Une frontière qui se brouille entre contenu artistique et message engagé : fin de « l’art pour l’art » au profit d’une culture « utile » ?;Des prestations artistiques commerciales qui peuvent constituer des sources de revenus pour des créations plus engagées mais moins lucratives;Des entreprises qui se lancent aussi, via la publicité, dans cette course à l’expression politique;Le nombre de vues comme but premier, qui légitime un artiste plus que des bonnes critiques;L’État et autres collectivités tentent de reprendre de la légitimité dans leur rôle de prescripteur et subventionnent en essayant d’intégrer les demandes des citoyens (et en particulier des jeunes ?). Scénario 5 : Et si la culture se réinventait en mode « wild tech » ? Demain, des cartes carbone restreignent les français dans leurs habitudes de consommation. La culture numérique qui consommait trop de bande passante ne peut plus fonctionner, pas plus que les gros festivals qui attiraient un large public et constituaient une source d’émission énorme de GES du fait des transports, de l’alimentation périphérique, etc. Le secteur culturel se réinvente en trouvant des médiations différentes pour diminuer leur impact carbone tout en continuant d’imaginer des formes de spectacles qui se renouvellent : événements culturels ultra locaux, décors modulaires et partagés, lectures culturelles téléphoniques, organisation de « semaines de la culture » pour condenser les déplacements et les besoins de rassemblements du public qui continue à vouloir se retrouver lors d’événements collectifs, costumes issus de ventes privées, systèmes de sonorisation construits sur la base des anciens ordinateurs…Les acteurs culturels s’inspirent du mouvement wild tech, ils composent avec les contraintes en réutilisant les technologies d’il y a 20 ans pour inventer des nouveaux spectacles surprenants et créatifs.   Audio cassettes, scooby doos and hi-fi system., drawing and collage technique© Dall-E   Interpellations principales : Comment repenser l’empreinte écologique de la culture avec créativité ?Travailler sur le réemploi et l’hybridation des « technologies zombies » impose des contraintes, mais redynamise ce qui pourrait être vécu comme des freins et des obligations : dans quelle mesure la métropole lyonnaise peut-elle devenir un territoire emblématique d’un secteur culturel à la fois sobre et innovant? Les causes Les forts enjeux de décarbonation de la culture : étude et film du Tyndall Centre for Climate Change Research, Massive Attack;Les concerts génèrent chaque année 405 000 tonnes de gaz à effet de serre au Royaume-Uni. 34% de ces émissions sont générées sur les lieux des concerts, 33% proviennent des déplacements des spectateurs pour se rendre aux concerts et 9% sont dues aux voyages des groupes de musique eux-mêmes;La culture virtuelle génère elle aussi une lourde empreinte carbone : le numérique consomme 5,5% de l’électricité mondiale et génère 3,8% de l’ensemble des gaz à effet de serre émis. La consommation responsable, une tendance en hausse avec le flight shaming, la seconde main, le DIY, le vrac, etc.;L’essor des digital nomads et le tourisme de proximité qui pourrait amener au développement d’une culture de proximité vs. les déplacements longue distance pour de gros événements; Les conséquences La culture, perçue comme « non nécessaire » par certains, est remplacée par d’autres types de loisirs selon un arbitrage subjectif des priorités;De nouvelles inégalités voient le jour si un marché noir se développe autour des cartes de rationnement;Une relocalisation de la culture avec des circuits courts pour les services périphériques, pour limiter les émissions dues au transport et à l’alimentation des troupes et publics;Les gens sortent d’une forme d’addiction aux écrans, avec plus ou moins de difficulté;Mutualisation des ressources entre les acteurs qui doivent repenser leurs actions après une course au tout numérique;Les collectivités cessent de soutenir l’innovation technologique à tout prix pour soutenir la post-digitalisaton de la culture;Développement systématique du green code et autres techniques de sobriété numérique.  ",05/05/2023
4,https://www.millenaire3.com/ressources/2023/pratiques-et-preferences-culturelles-des-jeunes-metropolitains,Pratiques et préférences culturelles des jeunes métropolitains,538253,Article,"Comment les pratiques numériques et les cultures « jeunes » peuvent-elles trouver leur place dans le spectacle vivant, et plus globalement dans la culture instituée ? C’est la question que s’est posée la Métropole de Lyon en 2022 et 2023 dans le cadre d’une démarche prospective impliquant des jeunes et des acteurs culturels du territoire.
À l’automne 2022 nous avons réunis des adolescents (collégiens et lycéens) et des jeunes majeurs (étudiants, et en emploi) dans le cadre d’ateliers et de focus groups.
Ils se sont exprimés en tant qu’adolescents et jeunes habitant un territoire singulier, l’agglomération lyonnaise, et ont dévoilé leurs pratiques numériques et leur rapport au spectacle vivant, mais aussi leurs attentes vis-à-vis de l’offre culturelle du territoire.
Ce document offre un aperçu des pratiques culturelle autonomes développées par les jeunes aujourd’hui, mais aussi de la façon dont ils se positionnent vis-à-vis de l’offre culturelle instituée : écoute de la radio, sorties cinéma et sorties spectacle, visites de musée, etc.","En octobre 2022, les temps d’échanges (ateliers et focus groups) que nous avons conduits avec une cinquantaine d’adolescents et une quinzaine de jeunes majeurs habitant dans l’agglomération lyonnaise visaient à recueillir et analyser les éléments caractéristiques de leur rapport à la culture, tant dans leurs représentations, leurs pratiques, que dans leurs préférences. En téléchargeant ici l’intégralité du document, vous pourrez ainsi découvrir le panorama large et ouvert des attitudes et pratiques culturelles qu’ils ont accepté de nous dévoiler au cours des discussions. Les discussions ont été conduites de sorte à nourrir un triple prisme :Un accent mis spécifiquement sur les arts vivants d’une part, et sur la place du numérique dans les pratiques culturelles d’autre part ;Une focalisation sur le local pour comprendre le vécu et les représentations des jeunes, en tant que Grands-Lyonnais, résidant donc sur un territoire singulier : celui de la métropole de Lyon ;Une dimension prospective visant à faire émerger des préférences et des perspectives intéressantes sur la façon de s’adresser demain aux jeunes publics. ",05/05/2023
5,https://www.millenaire3.com/ressources/2023/mediations-culturelles-des-innovations-deja-la,"Médiations culturelles : des innovations, déjà-là",538199,Article,"Comment les pratiques numériques et les cultures « jeunes » peuvent-elles trouver leur place dans le spectacle vivant et plus globalement dans la culture instituée ? C’est la question que s’est posée la Métropole de Lyon en 2022 et 2023 dans le cadre d’une démarche prospective impliquant des jeunes et des acteurs culturels du territoire.
Le benchmark que nous vous proposons ici vous permettra de découvrir une douzaine d’initiatives originales en matière de médiations culturelles, susceptibles de correspondre aux pratiques et aux attentes de la génération Z, comme par exemple : pouvoir accéder à des lieux de culture originaux, informels, où on se sent comme chez soi ; pouvoir vivre des expériences participatives et immersives ; ou encore pouvoir partager ses centres d’intérêt culturels et artistiques avec sa communauté.","Par effet d’âge, mais aussi de génération, les pratiques culturelles des jeunes ne sont pas à l’image de celles de leurs aînés. Comment alors s’adresser à ces publics ? Comment leur donner la possibilité de s’intéresser à la culture dite légitime ? Mais comment, aussi, faire en sorte que les centres d’intérêt et les pratiques innovantes propres à cette génération puissent infuser, trouver leur place au sein des institutions culturelles ?Le benchmark que nous vous proposons de télécharger ici vous permettra de découvrir une douzaine d’initiatives originales en matière de médiations culturelles, susceptibles de correspondre aux attentes et aux pratiques juvéniles.Articuler les pratiques « on line » et « in Real Life », prendre sa place dans la programmation, être actif même quand on est spectateur, dialoguer avec des artistes dont on se sent proches, croiser les approches ludiques, émotionnelles et pédagogiques… les lignes de désir de la jeunesse sur lesquelles caler les nouvelles médiations ne manquent pas. ",05/05/2023
6,https://www.millenaire3.com/ressources/2023/le-rapport-des-jeunes-a-la-culture,Le rapport des jeunes à la culture,538145,Article,"Comment les pratiques numériques et les cultures « jeunes » peuvent-elles trouver leur place dans le spectacle vivant et plus globalement dans la culture instituée ? C’est la question que s’est posée la Métropole de Lyon en 2022 et 2023 dans le cadre d’une démarche prospective impliquant des jeunes et des acteurs culturels du territoire.
La revue de littérature que nous vous proposons ici lève le voile sur le rapport des jeunes aux institutions culturelles, qu’ils ressentent bien souvent comme trop prescriptives ; en décalage avec les pratiques de l’autoproduction, le besoin d’interaction et la culture de la revendication qui caractérise leur tranche d’âge.
Si la culture numérique des jeunes se construit sur le fond commun d’une culture pop très prégnante, avec ses codes reconnus par toutes et tous, le numérique joue aussi le rôle d’un espace à défricher, dans lequel se perdre et expérimenter des choses nouvelles. Un espace jouant donc un rôle important désormais dans le processus juvénile de fabrication de son identité singulière.","Le numérique joue un rôle clé durant le processus conduisant l’adolescent, encore dépendant des prescriptions familiales, vers l’autonomie. L’expression « culture de la chambre » est apparue pour désigner les pratiques culturelles que les adolescents et les jeunes déploient depuis l’espace intime, le sanctuaire que constitue la chambre dans cette tranche d’âge.Ainsi, l’ouverture sur monde, la confrontation à l’altérité, les interactions avec les pairs peuvent s’effectuer aujourd’hui au sein même du cocon familial.Si la culture numérique des jeunes se construit sur le fond commun d’une culture pop très prégnante, avec ses codes reconnus par toutes et tous, le numérique joue aussi le rôle d’un espace à défricher, dans lequel se perdre et expérimenter des choses nouvelles. Un espace jouant donc un rôle important désormais dans le processus juvénile de fabrication de son identité singulière.La revue de littérature que nous vous proposons de télécharger ici lève également le voile sur le rapport des jeunes aux institutions culturelles, qu’ils ressentent bien souvent comme trop prescriptives; en décalage avec les pratiques de l’autoproduction, le besoin d’interaction et la culture de la revendication qui caractérise leur tranche d’âge. Bonne lecture !  ",05/05/2023
