,0
culturel,10
culture,8
agglomération,8
structurant,6
ville,6
niveau,5
commune,5
politique,5
propre,5
salle,5
équipement,5
chose,4
projet,4
falloir,4
image,4
équipemer,4
lyon,4
vous,3
mener,3
petit,3
maire,3
créer,3
exemple,3
livre,3
festival,2
service,2
proximité,2
rôle,2
exister,2
salon,2
réalisation,2
en,2
retrouver,2
être,2
fonseca,2
journaliste,2
moyen,2
marquer,2
municipalité,2
oui,2
laurent,2
penser,2
permettre,2
france,2
installer,2
poser,2
pouvoir,2
structurer,2
grand,2
gerra,2
problème,2
moment,2
beaucoup,2
année,2
bd,2
beaubourg,2
vouloir,2
voir,2
aucun,2
bron,2
vie,2
venir,2
émergent,2
association,2
évolution,2
aller,2
terme,2
énorme,1
équipe,1
monde,1
phare,1
vénissieux,1
véritable,1
personne,1
état,1
personnalité,1
véritablement,1
pensez,1
municipal,1
école,1
numéro,1
partout,1
époque,1
partie,1
pareil,1
place,1
électoral,1
oublier,1
normal,1
opéra,1
notion,1
ontenvie,1
observateur,1
phénomène,1
structure,1
vue,1
rillieux,1
recueillir,1
rencontrer,1
représenter,1
responsable,1
mois,1
travers,1
travailler,1
point,1
tony,1
résumer,1
théâtre,1
tenter,1
semaine,1
synergie,1
reconnaître,1
troupe,1
uniquement,1
question,1
valoriser,1
vaulx,1
velin,1
propos,1
villeurbannais,1
villeurbanne,1
progrès,1
programme,1
programmation,1
prise,1
prenons,1
premier,1
succès,1
rester,1
19,1
millénaire3,1
milieu,1
concurrence,1
conscience,1
contenu,1
culturellemer,1
célestins,1
côté,1
danse,1
delente,1
delà,1
deréaliser,1
dessiner,1
direction,1
double,1
drainer,1
débat,1
dégager,1
dépasser,1
déplacer,1
efficace,1
empreinte,1
empêcher,1
chorégraphe,1
centre,1
cas,1
au,1
75,1
76,1
accueillent,1
activité,1
actuellement,1
air,1
an,1
argent,1
artiste,1
auditorium,1
caluire,1
autour,1
avantage,1
avoir,1
biais,1
bien,1
bon,1
brignais,1
cadre,1
cahier,1
encart,1
enfant,1
ensembl,1
lieux,1
isolé,1
jeune,1
jouer,1
journal,1
justement,1
laisser,1
lamentable,1
large,1
lieu,1
2000,1
inconsciemment,1
lyonnais,1
maguy,1
maintenir,1
maison,1
mal,1
manuel,1
marin,1
maryse,1
mettre,1
initier,1
incident,1
ensemble,1
granier,1
entendre,1
entraînement,1
envie,1
etmaintener,1
faire,1
fichu,1
financer,1
forme,1
frontière,1
gros,1
important,1
gérer,1
habitant,1
halle,1
hebdomadaire,1
homogénéité,1
identité,1
idé,1
il,1
ile,1
local,1
