,0
économique,17
politique,16
entreprise,11
firme,10
acteur,10
impliquer,9
monde,9
développement,8
london,7
métropole,7
relation,6
nouveau,6
question,5
année,5
implication,5
être,5
faire,5
milieu,5
condition,5
devenir,4
stratégie,4
urbain,4
répondre,4
gla,4
sollicitation,4
gouvernance,4
grand,4
stratégique,4
débat,4
espace,4
donner,4
londres,4
état,4
légitimité,4
maire,4
dernier,3
mise,3
paris,3
falloir,3
représentation,3
travail,3
structure,3
ressource,3
moyen,3
métropolitain,3
2000,3
élaboration,3
enjeu,3
créer,3
réponse,3
rôle,3
externe,3
cas,3
hui,3
choix,3
aujourd,3
prendre,3
londonien,3
voire,3
sein,2
répartition,2
influer,2
kevin,2
fort,2
entrer,2
plan,2
new,2
niveau,2
lien,2
personnel,2
notion,2
dépendre,2
récent,2
forme,2
expérience,2
france,2
participer,2
organe,2
madrid,2
local,2
m3,2
partie,2
entrée,2
grande,2
expliquer,2
explication,2
revue,2
numéro,2
mouvement,2
permettre,2
île,2
disposer,2
bien,2
collectivité,2
collectif,2
unis,2
ville,2
vis,2
capacité,2
capable,2
britannique,2
bretagne,2
voir,2
avenir,2
tisser,2
york,2
autant,2
attitude,2
association,2
écrire,2
ancien,2
agence,2
activité,2
états,2
1980,2
turin,2
essentiel,2
de,2
development,2
substituable,2
contribution,2
cox,2
création,2
texte,2
taille,2
sens,1
échange,1
penser,1
significatif,1
substituabilité,1
patronal,1
zone,1
économiquespour,1
participerla,1
partners,1
thatchérisme,1
vraisemblablement,1
participation,1
volonté,1
peser,1
peut,1
voix,1
place,1
secteur,1
sujet,1
vitesse,1
porter,1
positivement,1
site,1
partenariat,1
égard,1
société,1
nécessiter,1
sphère,1
obligation,1
évidence,1
étroit,1
sollicit,1
observer,1
obstacle,1
établir,1
élément,1
occasion,1
occuper,1
oeuvre,1
poste,1
of,1
olympique,1
opportunité,1
élu,1
élargir,1
élaborer,1
organisation,1
orientation,1
ouverture,1
ouvrir,1
situation,1
part,1
posséder,1
principal,1
potentiel,1
think,1
rapport,1
univoque,1
rassembler,1
recouvrir,1
unit,1
registre,1
réel,1
temps,1
remettre,1
remont,1
remplir,1
renforcer,1
représentant,1
trop,1
travers,1
transport,1
toronto,1
titre,1
thatcher,1
revanche,1
théorique,1
risque,1
roger,1
réaliser,1
récemment,1
urban,1
raison,1
urbaniste,1
structurer,1
private,1
priver,1
processus,1
procéder,1
production,1
produire,1
progressif,1
vite,1
progressivement,1
promotion,1
tard,1
provenir,1
périphérique,1
précisément,1
présider,1
public,1
publicisation,1
visible,1
réorganisation,1
puissance,1
réelle,1
puissant,1
période,1
variable,1
propre,1
1960,1
nouer,1
corporation,1
devenu,1
demande,1
degré,1
culturel,1
culture,1
croiser,1
cours,1
contexte,1
compte,1
contact,1
construction,1
conseiller,1
consacrer,1
conflictualité,1
concerner,1
conception,1
difficulté,1
doter,1
début,1
décision,1
entendre,1
ensuite,1
ensemble,1
enjeux,1
engager,1
empirique,1
développer,1
détenir,1
dépendanter,1
dépendancedes,1
dépendance,1
démarche,1
définition,1
définir,1
défendre,1
compétition,1
comprendre,1
entretenir,1
an,1
aucun,1
arriver,1
argument,1
apparaître,1
anne,1
andrew,1
analyse,1
agency,1
commerce,1
affirmer,1
affaire,1
actuel,1
activemer,1
actif,1
accélérer,1
1990,1
authority,1
autour,1
autrefois,1
aéroport,1
cohésion,1
cognitif,1
christian,1
chasse,1
charge,1
changement,1
champ,1
chamber,1
cellule,1
capitale,1
business,1
boudreau,1
bon,1
board,1
besoin,1
entreprendre,1
estimer,1
non,1
lier,1
légitimer,1
légitime,1
1970,1
loi,1
locales,1
livingstone,1
lieux,1
liaison,1
investi,1
lefèvre,1
ken,1
keil,1
juridique,1
julie,1
juger,1
jouer,1
mai,1
maintenir,1
mair,1
mairie,1
multiplier,1
multiple,1
montée,1
montrer,1
modalité,1
mobiliser,1
mité,1
mission,1
ministre,1
mettre,1
marge,1
margaret,1
manœuvre,1
manifestation,1
majeur,1
joue,1
intéresser,1
et,1
favorablement,1
fragmentation,1
formuler,1
former,1
formaliser,1
first,1
financier,1
fiable,1
faisceau,1
interne,1
face,1
exécutif,1
exprimer,1
existence,1
excellente,1
europe,1
etc,1
francilien,1
fructueux,1
garder,1
globaliser,1
international,1
interlocuteur,1
innovant,1
incertain,1
important,1
impliquent,1
impliqu,1
identifier,1
hypothèse,1
haut,1
géographe,1
grâce,1
greater,1
gouvernement,1
globalité,1
londre,1
